cold_stress,temperature,time,day,seq_rep,bio_rep,quant_files
20 Degree Day 0,20,T2,Day0,srep1,brep1,salmon_RTD2_padding_792_LIB5940_LDI4756_TTAGGC_L001_R
20 Degree Day 0,20,T2,Day0,srep2,brep1,salmon_RTD2_padding_805_LIB5940_LDI4756_TTAGGC_L001_R
20 Degree Day 0,20,T2,Day0,srep3,brep1,salmon_RTD2_padding_R1792_LIB5940_LDI4756_TTAGGC_L001_R
20 Degree Day 0,20,T2,Day0,srep1,brep2,salmon_RTD2_padding_792_LIB5966_LDI4782_ACAGTG_L004_R
20 Degree Day 0,20,T2,Day0,srep2,brep2,salmon_RTD2_padding_805_LIB5966_LDI4782_ACAGTG_L004_R
20 Degree Day 0,20,T2,Day0,srep3,brep2,salmon_RTD2_padding_R1792_LIB5966_LDI4782_ACAGTG_L004_R
20 Degree Day 0,20,T2,Day0,srep1,brep3,salmon_RTD2_padding_792_LIB5992_LDI4808_TTAGGC_L007_R
20 Degree Day 0,20,T2,Day0,srep2,brep3,salmon_RTD2_padding_805_LIB5992_LDI4808_TTAGGC_L007_R
20 Degree Day 0,20,T2,Day0,srep3,brep3,salmon_RTD2_padding_R1792_LIB5992_LDI4808_TTAGGC_L007_R
20 Degree Day 0,20,T3,Day0,srep1,brep1,salmon_RTD2_padding_792_LIB5941_LDI4757_TGACCA_L001_R
20 Degree Day 0,20,T3,Day0,srep2,brep1,salmon_RTD2_padding_805_LIB5941_LDI4757_TGACCA_L001_R
20 Degree Day 0,20,T3,Day0,srep3,brep1,salmon_RTD2_padding_R1792_LIB5941_LDI4757_TGACCA_L001_R
20 Degree Day 0,20,T3,Day0,srep1,brep2,salmon_RTD2_padding_792_LIB5967_LDI4783_GCCAAT_L004_R
20 Degree Day 0,20,T3,Day0,srep2,brep2,salmon_RTD2_padding_805_LIB5967_LDI4783_GCCAAT_L004_R
20 Degree Day 0,20,T3,Day0,srep3,brep2,salmon_RTD2_padding_R1792_LIB5967_LDI4783_GCCAAT_L004_R
20 Degree Day 0,20,T3,Day0,srep1,brep3,salmon_RTD2_padding_792_LIB5993_LDI4809_TGACCA_L007_R
20 Degree Day 0,20,T3,Day0,srep2,brep3,salmon_RTD2_padding_805_LIB5993_LDI4809_TGACCA_L007_R
20 Degree Day 0,20,T3,Day0,srep3,brep3,salmon_RTD2_padding_R1792_LIB5993_LDI4809_TGACCA_L007_R
4 Degree Day 1,4,T2,Day1,srep1,brep1,salmon_RTD2_padding_792_LIB5948_LDI4764_ATCACG_L002_R
4 Degree Day 1,4,T2,Day1,srep2,brep1,salmon_RTD2_padding_805_LIB5948_LDI4764_ATCACG_L002_R
4 Degree Day 1,4,T2,Day1,srep3,brep1,salmon_RTD2_padding_R1792_LIB5948_LDI4764_ATCACG_L002_R
4 Degree Day 1,4,T2,Day1,srep1,brep2,salmon_RTD2_padding_792_LIB5974_LDI4790_CGATGT_L005_R
4 Degree Day 1,4,T2,Day1,srep2,brep2,salmon_RTD2_padding_805_LIB5974_LDI4790_CGATGT_L005_R
4 Degree Day 1,4,T2,Day1,srep3,brep2,salmon_RTD2_padding_R1792_LIB5974_LDI4790_CGATGT_L005_R
4 Degree Day 1,4,T2,Day1,srep1,brep3,salmon_RTD2_padding_792_LIB6000_LDI4816_ATCACG_L008_R
4 Degree Day 1,4,T2,Day1,srep2,brep3,salmon_RTD2_padding_805_LIB6000_LDI4816_ATCACG_L008_R
4 Degree Day 1,4,T2,Day1,srep3,brep3,salmon_RTD2_padding_R1792_LIB6000_LDI4816_ATCACG_L008_R
4 Degree Day 1,4,T3,Day1,srep1,brep1,salmon_RTD2_padding_792_LIB5949_LDI4765_ACAGTG_L002_R
4 Degree Day 1,4,T3,Day1,srep2,brep1,salmon_RTD2_padding_805_LIB5949_LDI4765_ACAGTG_L002_R
4 Degree Day 1,4,T3,Day1,srep3,brep1,salmon_RTD2_padding_R1792_LIB5949_LDI4765_ACAGTG_L002_R
4 Degree Day 1,4,T3,Day1,srep1,brep2,salmon_RTD2_padding_792_LIB5975_LDI4791_TTAGGC_L005_R
4 Degree Day 1,4,T3,Day1,srep2,brep2,salmon_RTD2_padding_805_LIB5975_LDI4791_TTAGGC_L005_R
4 Degree Day 1,4,T3,Day1,srep3,brep2,salmon_RTD2_padding_R1792_LIB5975_LDI4791_TTAGGC_L005_R
4 Degree Day 1,4,T3,Day1,srep1,brep3,salmon_RTD2_padding_792_LIB6001_LDI4817_ACAGTG_L008_R
4 Degree Day 1,4,T3,Day1,srep2,brep3,salmon_RTD2_padding_805_LIB6001_LDI4817_ACAGTG_L008_R
4 Degree Day 1,4,T3,Day1,srep3,brep3,salmon_RTD2_padding_R1792_LIB6001_LDI4817_ACAGTG_L008_R
4 Degree Day 4,4,T2,Day4,srep1,brep1,salmon_RTD2_padding_792_LIB5957_LDI4773_TTAGGC_L003_R
4 Degree Day 4,4,T2,Day4,srep2,brep1,salmon_RTD2_padding_805_LIB5957_LDI4773_TTAGGC_L003_R
4 Degree Day 4,4,T2,Day4,srep3,brep1,salmon_RTD2_padding_R1792_LIB5957_LDI4773_TTAGGC_L003_R
4 Degree Day 4,4,T2,Day4,srep1,brep2,salmon_RTD2_padding_792_LIB5983_LDI4799_ACAGTG_L006_R
4 Degree Day 4,4,T2,Day4,srep2,brep2,salmon_RTD2_padding_805_LIB5983_LDI4799_ACAGTG_L006_R
4 Degree Day 4,4,T2,Day4,srep3,brep2,salmon_RTD2_padding_R1792_LIB5983_LDI4799_ACAGTG_L006_R
4 Degree Day 4,4,T2,Day4,srep1,brep3,salmon_RTD2_padding_801_LIB5167_LDI4895_ACAGTG_L001_R
4 Degree Day 4,4,T2,Day4,srep2,brep3,salmon_RTD2_padding_801_LIB5167_LDI4895_ACAGTG_L002_R
4 Degree Day 4,4,T2,Day4,srep3,brep3,salmon_RTD2_padding_801_LIB5167_LDI4895_ACAGTG_L003_R
4 Degree Day 4,4,T3,Day4,srep1,brep1,salmon_RTD2_padding_792_LIB5958_LDI4774_TGACCA_L003_R
4 Degree Day 4,4,T3,Day4,srep2,brep1,salmon_RTD2_padding_805_LIB5958_LDI4774_TGACCA_L003_R
4 Degree Day 4,4,T3,Day4,srep3,brep1,salmon_RTD2_padding_R1792_LIB5958_LDI4774_TGACCA_L003_R
4 Degree Day 4,4,T3,Day4,srep1,brep2,salmon_RTD2_padding_792_LIB5984_LDI4800_GCCAAT_L006_R
4 Degree Day 4,4,T3,Day4,srep2,brep2,salmon_RTD2_padding_805_LIB5984_LDI4800_GCCAAT_L006_R
4 Degree Day 4,4,T3,Day4,srep3,brep2,salmon_RTD2_padding_R1792_LIB5984_LDI4800_GCCAAT_L006_R
4 Degree Day 4,4,T3,Day4,srep1,brep3,salmon_RTD2_padding_801_LIB6010_LDI4825_TGACCA_L001_R
4 Degree Day 4,4,T3,Day4,srep2,brep3,salmon_RTD2_padding_801_LIB6010_LDI4825_TGACCA_L002_R
4 Degree Day 4,4,T3,Day4,srep3,brep3,salmon_RTD2_padding_801_LIB6010_LDI4825_TGACCA_L003_R
