quant_files,gender_s,tissue_region_s,treatment_s,samples,bio_reps,Organism_s,age_s,cell_type_s
SRR5285037,f,Cortex,Dex,f.Cortex.Dex,rep1,Mus musculus,embryonic day E14.5,neural progenitor/stem cells
SRR5285039,f,Cortex,Dex,f.Cortex.Dex,rep2,Mus musculus,embryonic day E14.5,neural progenitor/stem cells
SRR5285041,f,Cortex,Dex,f.Cortex.Dex,rep3,Mus musculus,embryonic day E14.5,neural progenitor/stem cells
SRR5285050,f,Hyp,Dex,f.Hyp.Dex,rep1,Mus musculus,embryonic day E14.5,neural progenitor/stem cells
SRR5285052,f,Hyp,Dex,f.Hyp.Dex,rep2,Mus musculus,embryonic day E14.5,neural progenitor/stem cells
SRR5285054,f,Hyp,Dex,f.Hyp.Dex,rep3,Mus musculus,embryonic day E14.5,neural progenitor/stem cells
SRR5285043,m,Cortex,Dex,m.Cortex.Dex,rep1,Mus musculus,embryonic day E14.5,neural progenitor/stem cells
SRR5285045,m,Cortex,Dex,m.Cortex.Dex,rep2,Mus musculus,embryonic day E14.5,neural progenitor/stem cells
SRR5285047,m,Cortex,Dex,m.Cortex.Dex,rep3,Mus musculus,embryonic day E14.5,neural progenitor/stem cells
SRR5285048,m,Hyp,Dex,m.Hyp.Dex,rep1,Mus musculus,embryonic day E14.5,neural progenitor/stem cells
SRR5285056,m,Hyp,Dex,m.Hyp.Dex,rep2,Mus musculus,embryonic day E14.5,neural progenitor/stem cells
SRR5285058,m,Hyp,Dex,m.Hyp.Dex,rep3,Mus musculus,embryonic day E14.5,neural progenitor/stem cells
SRR5285036,f,Cortex,Veh,f.Cortex.Veh,rep1,Mus musculus,embryonic day E14.5,neural progenitor/stem cells
SRR5285038,f,Cortex,Veh,f.Cortex.Veh,rep2,Mus musculus,embryonic day E14.5,neural progenitor/stem cells
SRR5285040,f,Cortex,Veh,f.Cortex.Veh,rep3,Mus musculus,embryonic day E14.5,neural progenitor/stem cells
SRR5285051,f,Hyp,Veh,f.Hyp.Veh,rep1,Mus musculus,embryonic day E14.5,neural progenitor/stem cells
SRR5285053,f,Hyp,Veh,f.Hyp.Veh,rep2,Mus musculus,embryonic day E14.5,neural progenitor/stem cells
SRR5285055,f,Hyp,Veh,f.Hyp.Veh,rep3,Mus musculus,embryonic day E14.5,neural progenitor/stem cells
SRR5285042,m,Cortex,Veh,m.Cortex.Veh,rep1,Mus musculus,embryonic day E14.5,neural progenitor/stem cells
SRR5285044,m,Cortex,Veh,m.Cortex.Veh,rep2,Mus musculus,embryonic day E14.5,neural progenitor/stem cells
SRR5285046,m,Cortex,Veh,m.Cortex.Veh,rep3,Mus musculus,embryonic day E14.5,neural progenitor/stem cells
SRR5285049,m,Hyp,Veh,m.Hyp.Veh,rep1,Mus musculus,embryonic day E14.5,neural progenitor/stem cells
SRR5285057,m,Hyp,Veh,m.Hyp.Veh,rep2,Mus musculus,embryonic day E14.5,neural progenitor/stem cells
SRR5285059,m,Hyp,Veh,m.Hyp.Veh,rep3,Mus musculus,embryonic day E14.5,neural progenitor/stem cells
