{
    "salmon_version": "0.8.2",
    "samp_type": "bootstrap",
    "num_libraries": 1,
    "library_types": [
        "IU"
    ],
    "frag_dist_length": 1001,
    "seq_bias_correct": true,
    "gc_bias_correct": false,
    "num_bias_bins": 4096,
    "mapping_type": "mapping",
    "num_targets": 82198,
    "serialized_eq_classes": false,
    "eq_class_properties": [],
    "length_classes": [
        1098,
        1566,
        2010,
        2697,
        15883
    ],
    "index_seq_hash": "69ff1338e89c8f346165736c67a4fe42eca32d57e1484dd34a9bda64ff1eadae",
    "index_name_hash": "f4a4ca80cf3c2e107bac1135ad4fc6b9958a7dc3f788548a5a7ef7cccbd8ef13",
    "num_bootstraps": 30,
    "num_processed": 16941249,
    "num_mapped": 16716556,
    "percent_mapped": 98.67369283103035,
    "call": "quant",
    "start_time": "Thu Apr 20 10:27:52 2017",
    "end_time": "Thu Apr 20 10:41:31 2017"
}